{"threshold": 0.5638668537139893, "auc": 0.8697674418604652}