{"threshold": 0.826808512210846, "auc": 0.9181818181818182}