{"threshold": 0.5699207782745361, "auc": 0.7857142857142857}